place_id,Name,detail,Category,province,district,subdistrict,address,postalcode, ticketPrice ThaiChild, ticketPrice ThaiAdult,Target Group,transportation,facility,telephone,eMail,Website,businessHour
1,อุทยานแห่งชาติภูเวียง,"อุทยานแห่งชาติภูเวียงนักท่องเที่ยวก็ต้องนึกถึงไดโนเสาร์ ไม่เคยมีใครคาดคิดมาก่อนว่าบริเวณที่ราบสูงที่อยู่ในเขตประเทศไทยปัจจุบันนั้นจะเคยเป็นบ้านของไดโนเสาร์มาก่อนจนกระทั่งเมื่อปี พ.ศ. 2519 มีการสำรวจแหล่งแร่ยูเรเนียมในบริเวณอุทยานแห่งชาติภูเวียง ระหว่างการสำรวจนักธรณีวิทยาได้ค้นพบซากกระดูกชิ้นหนึ่งเข้า และเมื่อส่งไปให้ผู้เชี่ยวชาญชาวฝรั่งเศสวิจัยผลปรากฏออกมาว่าเป็นกระดูกหัวเข่าข้างซ้ายของไดโนเสาร์ จากนั้นนักสำรวจก็ได้ทำการขุดค้นกันอย่างจริงจังเรื่อยมากระทั่งปัจจุบัน อุทยานแห่งชาติภูเวียงครอบคลุมพื้นที่ 380 ตารางกิโลเมตร ในเขตอำเภอเวียงเก่า อำเภอภูเวียง อำเภอสีชมพู และอำเภอชุมแพ ประกอบด้วยสิ่งที่น่าสนใจ ได้แก่ บนยอดภูประตูตีหมา หลุมขุดค้นที่ 1 ได้พบฟอสซิลไดโนเสาร์พันธุ์หนึ่งมีลำตัวสูงใหญ่ประมาณ 15 เมตร คอยาว หางยาว เป็นพันธุ์กินพืชซึ่งไม่เคยพบที่ใดมาก่อน จึงได้อัญเชิญพระนามของสมเด็จพระเทพฯ มาตั้งชื่อ ไดโนเสาร์ พันธุ์นี้เพื่อเป็นการเฉลิมพระเกียรติว่า ""ภูเวียงโกซอรัส สิรินธรเน่"" (Phuwianggosauras Sirindhornae) และในบริเวณหลุมขุดค้นเดียวกันนั้นเอง นักสำรวจได้พบฟันของไดโนเสาร์ประเภทกินเนื้อปะปนอยู่มากกว่า 10 ซี่ ทำให้สันนิษฐานได้ว่าโซโรพอดตัวนี้อาจเป็นอาหารของเจ้าของฟันเหล่านี้แต่ในกลุ่มฟันเหล่านี้มีอยู่หนึ่งซี่ที่มีลักษณะแตกต่างกันออกไป เมื่อนำไปศึกษาปรากฎว่าฟันชิ้นนี้เป็นลักษณะฟันไดโนเสาร์พันธุ์ใหม่ที่ไม่เคยค้นพบมาก่อนเช่นกัน จึงตั้งชื่อเป็นเกียรติแก่ผู้ค้นพบ นายวราวุธ สุธีธร ว่า ""ไซแอมโมซอรัส สุธีธรนี่"" (Siamosaurus Suteethorni) ผู้สนใจสามารถเดินไปชมได้ หลุมขุดค้นที่ 1 นั้นอยู่ไม่ไกลจากที่ทำการอุทยานและยังสามารถเดินไปชมหลุมขุดค้นที่ 2 และที่ 3 ซึ่งอยู่บริเวณใกล้เคียงด้วย ฟอสซิล ""ไซแอมโมไทรันนัส อีสานเอ็นซิส"" (Siamotyrannus Isanensis) เป็นสิ่งที่ชี้ว่าไดโนเสาร์จำพวกไทรันโนซอร์มีต้นกำเนิดในทวีปเอเชียเพราะฟอสซิลที่พบที่นี่เป็นชิ้นที่เก่าแก่ที่สุด(120 130 ล้านปี) แต่กระดูกชิ้นนี้ได้นำไปจัดแสดงไว้ที่พิพิธภัณฑ์ในกรมทรัพยากรธรณี กรุงเทพฯ บริเวณหินลาดป่าชาด หลุมขุดค้นที่ 8 พบรอยเท้าไดโนเสาร์จำนวน 68 รอยอายุประมาณ 140 ล้านปี เกือบทั้งหมดเป็นรอยเท้าไดโนเสาร์กินเนื้อพันธุ์เล็กที่สุดในโลกเดิน 2 เท้า แต่หนึ่งในรอยเท้าหล่านั้น มีขนาดใหญ่ผิดจากรอยอื่น คาดว่าเป็นของคาร์โนซอรัส การไปชมควรเดินทางด้วยรถขับเคลื่อน 4 ล้อ ใช้เวลาประมาณ 1 ชั่วโมง ห่างจากที่ทำการ 19 กิโลเมตร ส่วนฟอสซิลดึกดำบรรพ์อื่นๆ ที่ขุดพบ เช่น ซากลูกไดโนเสาร์ ซากจระเข้ขนาดเล็ก ซากหอย 150 ล้านปี จะอยู่กระจัดกระจายกันอยู่ตามหลุมต่างๆ ความน่าสนใจของที่นี่ไม่ได้มีเพียงแต่ไดโนเสาร์เท่านั้นยังมีการพบร่องรอยอารยธรรมโบราณด้วย โดยพบ ""พระพุทธรูปปางไสยาสน์"" ประติมากรรมนูนสูงสลักบนหน้าผาของยอดเขาภูเวียง สร้างขึ้นตั้งแต่สมัยพุทธศตวรรษที่ 14 ลักษณะท่านอนได้รับอิทธิพลจากอินเดีย พระเศียรหนุนแนบกับต้นแขนขวาแขนซ้ายทอดไปตามลำพระองค์ นอกจากนี้""ถ้ำฝ่ามือแดง"" ที่บ้านหินร่องมีงานศิลปะของมนุษย์ถ้ำโบราณ ลักษณะของภาพเกิดจากการพ่นสีแดงลงไปในขณะที่มือทาบกับผนังถ้ำก่อให้เกิดเป้นรูปฝ่ามือขึ้น ส่วนแหล่งท่องเที่ยวทางธรรมชาติ ในบริเวณอุทยานฯจะมีน้ำตกอยู่สองสามแห่ง ""น้ำตกทับพญาเสือ"" เป็นน้ำตกเล็กๆตั้งอยู่ใกล้กับถ้ำฝ่ามือแดง ""น้ำตกตาดฟ้า"" เป้นน้ำตกขนาดใหญ่ สูงประมาณ 15 เมตร สามารถเข้าถึงได้ทางรถยนต์อยู่ห่างจากอำเภอภูเวียง 18 กิโลเมตร และขึ้นเขาไปอีก 6 กิโลเมตร ตรงต่อไปจากน้ำตกตาดฟ้าอีก 5 กิโลเมตร จะถึง""น้ำตกตาดกลาง"" นอกจากน้ำตกก็ยังมีแหล่งท่องเที่ยวประเภอทุ่งหญ้าและลานหิน ซึ่งจะมีดอกไม้ป่านานาพันธุ์บานในช่วงหลังฤดูฝนได้แก่""ทุ่งใหญ่เสาอาราม"" ""หินลาดวัวถ้ำกวาง"" และ""หินลาดอ่างกบ""",ธรรมชาติ,ขอนแก่น,ภูเวียง,ในเมือง,หินร่อง,40150,20,40,กลุ่มครอบครัว/,รถยนต์/เดินเท้า/มอเตอร์ไซค์/จักรยาน/,ลานจอดรถ/ลานจอดรถ/สุขา/ร้านอาหาร/ศูนย์บริการนักท่องเที่ยว/ร้านขายสินค้าที่ระลึก/มัคคุเทศก์ท้องถิ่น/ป้ายสื่อความหมาย/ป้ายชี้ทางเข้าถึง/ที่พักสัตว์เลี้ยง(สุนัข)/ที่พักสัตว์เลี้ยง(แมว)/ที่พักสัตว์เลี้ยง(อื่นๆ)/,0 4343 8333,pnuwiangop71@hotmail.com,park.dnp.go.th/visitor/nationparkshow.php?PTA_CODE=1072,ทุกวัน 08.30-16.30 น.
2,อุทยานแห่งชาติภูผาม่าน,"รูปลักษณ์ภายนอกของอุทยานแห่งนี้คือเทือกเขาหินปูนที่มีหน้าผาตัดตรงดิ่งลงมาเป็นริ้ว ๆ คล้ายผ้าม่าน สภาพป่าของที่นี่ยังอุดมสมบูรณ์ด้วยป่าดิบ และป่าไม้เบญจพรรณ สภาพอากาศจะเย็นชื้นเกือบตลอดปี อุทยานแห่งนี้มีพื้นที่ทั้งหมด ๒๑๘, ๗๕๐ ไร่ ครอบคลุมอาณาบริเวณในอำเภอภูผาม่าน และอำเภอชุมแพ จังหวัดขอนแก่น และอำเภอภูกระดึง จังหวัดเลย",ธรรมชาติ,ขอนแก่น,ชุมแพ,นาหนองทุ่ม,201 หมู่ที่ 11,40290,10,20,กลุ่มครอบครัว/,รถยนต์/,ป้ายชี้ทางเข้าถึง/,"0 4335 8075, 0 4321 0163, 08 1324 9050",phu_phaman@hotmail.com,https://m.facebook.com/phuphaman72,06.00-18.00 น.
3,อุทยานแห่งชาติน้ำพอง,มีพื้นที่ทั้งสิ้น 197 ตารางกิโลเมตร ครอบคลุมพื้นที่หลายอำเภอในจังหวัดขอนแก่น ได้แก่ อุบลรัตน์ ภูเวียง บ้านฝาง มัญจาคีรี และโคกโพธิ์ชัย และสองอำเภอในจังหวัดชัยภูมิ ได้แก่ บ้านแท่น และ แก่งคร้อ ที่ทำการอุทยานตั้งอยู่บริเวณอ่างเก็บน้ำอุบลรัตน์ เป็นทั้งแหล่งต้นน้ำของลำน้ำชี ลำน้ำพอง และแหล่งสมุนไพร พื้นที่ส่วนใหญ่เป็นภูเขา ป่าเต็งรัง ป่าดิบแล้ง  ในบริเวณอุทยานมีจุดชมวิวอยู่หลายแห่ง ได้แก่ จุดชมวิวหินช้างสี เป็นกลุ่มหินใหญ่บนสันเขาป่าโสกแต้ ด้านข้างของหินมีรอยดินที่ช้างใช้ลำตัวสีก้อนหินติดอยู่ ใช้เวลาเดินเท้าจากที่ทำการประมาณ 2 ชั่วโมง หรือโดยรถยนต์จากสวนป่าโสกแต้ 8 กิโลเมตร จากจุดนี้จะมองเห็นทัศนียภาพของอ่างเก็บน้ำอุบลรัตน์ และเมืองขอนแก่น เดินเท้าจากจุดนี้ไป 30 นาทีจะเป็น จุดชมวิวพลาญชาด เป็นลานหินที่มีต้นชาดขึ้นอยู่ ถัดไปคือ ผาสวรรค์ เป็นหน้าผาบนเทือกเขาป่าโสกแต้อยู่บริเวณบ้านโนนสวรรค์ อำเภออุบลรัตน์ เป็นจุดชมทัศนียภาพของอ่างเก็บน้ำที่งดงามอีกจุดหนึ่ง ใช้เวลาเดินเท้าจากที่ทำการประมาณ 2 ชั่วโมง สถานที่น่าสนใจอีกแห่งหนึ่งก็คือ คำโพน เป็นบ่อหินกลมคล้ายปล่องภูเขาไฟเกิดจากสภาพทางธรณีวิทยา ,ธรรมชาติ,ขอนแก่น,หนองเรือ,บ้านผือ,ตู้ ปณ.13 บ้านดอนโมง,40240,10,20,กลุ่มครอบครัว/,รถยนต์/,ป้ายชี้ทางเข้าถึง/,"0 4335 8074, 08 1662 1922",nam phong_np@dnp.go.th,https://m.facebook.com/namphong.np,08.30-16.30 น.
4,ชุมชนบ้านเซินเหนือภูผาม่าน,อำเภอภูผาม่าน เป็นชุมชนที่มีเสน่ห์ ด้วยความเรียบง่าย ภูมิประเทศงดงาม และมีชาวชุมชนดั้งเดิมที่เรียกว่า ชาว “ไทภู” ซึ่งมีวัฒนธรรมที่มีเอกลักษณ์เฉพาะตัว ทำให้ “ภูผ่าม่าน” เหมาะสำหรับคนที่สนใจเดินทางไปสัมผัสประสบการณ์ใหม่ๆ สไตล์ท่องเที่ยวชุมชน สำหรับแหล่งท่องเที่ยวที่น่าสนใจในพื้นที่ของอำเภอภูผาม่าน ได้แก่ แหล่งท่องเที่ยวทางธรรมชาติ ส่วนใหญ่อยู่ในพื้นที่ของอุทยานแห่งชาติภูผาม่าน ซึ่งมีพื้นที่ทั้งหมดกว่า 2 แสนไร่ รูปลักษณ์ภายนอกของอุทยานแห่งชาตินี้คือ เทือกเขาหินปูนที่มีหน้าผาตัดตรงดิ่งลงมาเป็นริ้วๆ คล้ายผ้าม่าน อันเป็นที่มาของชื่อ “ภูผาม่าน” นั่นเอง สภาพป่ายังอุดมสมบูรณ์ด้วยป่าดิบและป่าไม้เบญจพรรณ อากาศเย็นตลอดทั้งปี,วัฒนธรรม,ขอนแก่น,ภูผาม่าน,โนนคอม,หมู่ 2,40530,0,0,กลุ่มครอบครัว/กลุ่มวัยทำงาน/กลุ่มนักเรียนนักศึกษา/เยาวชน/วัยรุ่น/กลุ่มคู่รัก / คู่แต่งงาน/,รถยนต์/เดินเท้า/มอเตอร์ไซค์/จักรยาน/,ลานจอดรถ/ลานจอดรถ/สุขา/ร้านอาหาร/ศูนย์บริการนักท่องเที่ยว/ร้านขายสินค้าที่ระลึก/มัคคุเทศก์ท้องถิ่น/ป้ายสื่อความหมาย/ป้ายชี้ทางเข้าถึง/ที่พักสัตว์เลี้ยง(สุนัข)/ที่พักสัตว์เลี้ยง(แมว)/ที่พักสัตว์เลี้ยง(อื่นๆ)/,09 3320 0811,ไม่ทราบ,www.facebook.com/Ban-Choennuea-ชุมชนท่องเที่ยวบ้านเซินเหนือ-100713818029222,ทุกวัน 8.00-17.00 น.
5,โฮงมูนมังเมืองขอนแก่น,โฮง คือหอเก็บสมบัติ โฮงมูนเมืองขอนแก่น คือ หอเก็บสมบัติที่เก็บรวบรวมเรื่องราวอันเป็นที่มาของเมืองขอนแก่น ตั้งอยู่บริเวณบึงแก่นนคร อ.เมือง เป็นพิพิธภัณฑ์ที่สะท้อนให้เห็นถึงสภาพชีวิตและเป็นศูนย์กลางการศึกษาค้นคว้าข้อมูลประวัติศาสตร์เมืองขอนแก่น โดยแบ่งออกเป็น 5 โซน คือ โซนที่ 1 แนะนำเมืองขอนแก่น โซนที่ 2 ประวัติศาสตร์เมืองขอนแก่นและวัฒนธรรมชาวขอนแก่น โซนที่ 3 การตั้งเมือง โซนที่ 4 บ้านเมืองและวิถีชีวิตของชาวขอนแก่น โซนที่ 5 ขอนแก่นวันนี้,วัฒนธรรม,ขอนแก่น,เมืองขอนแก่น,ในเมือง,ถนนรอบบึง,40000,10,20,กลุ่มครอบครัว/กลุ่มวัยทำงาน/กลุ่มนักเรียนนักศึกษา/เยาวชน/วัยรุ่น/กลุ่มคู่รัก / คู่แต่งงาน/ทุกช่วงวัย,รถยนต์/เดินเท้า/มอเตอร์ไซค์/จักรยาน/,ป้ายชี้ทางเข้าถึง/,0 4327 1173,ไม่ทราบ,www.facebook.com/HoNgmuNmangMeungKhonkaen,เปิดบริการทุกวันอังคาร-วันอาทิตย์ เวลา 09.00-17.00 น.
6,พิพิธภัณฑสถานแห่งชาติขอนแก่น,ภายในจัดแสดงเกี่ยวกับประวัติไปรษณีย์และแสตมป์ดวงแรกของโลก ประเภทของแสตมป์ อุปกรณ์การสะสมแสตมป์ เช่น ปากคีบ แว่นขยาย มาตรวัดฟันแสตมป์ เม้าท์เก็บแสตมป์ เป็นต้น,วัฒนธรรม,ขอนแก่น,เมืองขอนแก่น,ในเมือง,193 ถนนหลังศูนย์ราชการ,40000,0,20,กลุ่มครอบครัว/กลุ่มวัยทำงาน/กลุ่มนักเรียนนักศึกษา/เยาวชน/วัยรุ่น/กลุ่มคู่รัก / คู่แต่งงาน/ทุกช่วงวัย,รถยนต์/รถโดยสารประจำทาง/เดินเท้า/มอเตอร์ไซค์/จักรยาน/,ลานจอดรถ/ลานจอดรถ/สุขา/ร้านอาหาร/ศูนย์บริการนักท่องเที่ยว/ร้านขายสินค้าที่ระลึก/มัคคุเทศก์ท้องถิ่น/ป้ายสื่อความหมาย/ป้ายชี้ทางเข้าถึง/ที่พักสัตว์เลี้ยง(สุนัข)/ที่พักสัตว์เลี้ยง(แมว)/ที่พักสัตว์เลี้ยง(อื่นๆ)/,0 4324 6170,kkmuseum24@gmail.com,www.facebook.com/khonkaenmuseum www.finearts.go.th/khonkaenmuseum/,เปิดบริการทุกวันพุธ-วันอาทิตย์ เวลา 09.00-16.00 น.
7,พระมหาธาตุแก่นนคร,พระมหาธาตุแก่นนครหรือ พระธาตุเก้าชั้นฐานสี่เหลี่ยมกว้างด้านละ 50 เมตร เรือนยอดทรงเจดีย์จำลองแบบจากพระธาตุขามแก่น จัดสร้างขึ้น เนื่องในวโรกาสที่ พระบาทสมเด็จ พระปรมินทรมหาภูมิพลอดลยเดชทรงครองสิริราชสมบัติครบ 50 ปี และมหามังคลานุสรณ์ 200 ปี เมืองขอนแก่น ความสูงขององค์พระธาตุฯ 80 เมตร มีพระจุลธาตุ 4 องค์ ตั้งอยู่ 4 มุมและมีกำแพงแก้วพญานาค 7 เศียรล้อมรอบ เป็นศิลปะสมัยทวาราวดี ผสมผสานศิลปะอินโดจีน ซึ่งเป็นลักษณะแบบชาวอีสาน ตากแห,ประวัติศาสตร์,ขอนแก่น,เมืองขอนแก่น,ในเมือง,593 ถนนกลางเมือง,40000,0,0,กลุ่มครอบครัว/กลุ่มวัยทำงาน/กลุ่มนักเรียนนักศึกษา/เยาวชน/วัยรุ่น/กลุ่มคู่รัก / คู่แต่งงาน/ทุกช่วงวัย,รถยนต์/มอเตอร์ไซค์/,ลานจอดรถ/ลานจอดรถ/สุขา/ร้านอาหาร/ศูนย์บริการนักท่องเที่ยว/ร้านขายสินค้าที่ระลึก/มัคคุเทศก์ท้องถิ่น/ป้ายสื่อความหมาย/ป้ายชี้ทางเข้าถึง/ที่พักสัตว์เลี้ยง(สุนัข)/ที่พักสัตว์เลี้ยง(แมว)/ที่พักสัตว์เลี้ยง(อื่นๆ)/,0 4322 1664,Watnongwang9@gmail.com,https://www.facebook.com/profile.php?id=61554299169848,เปิดบริการทุกวัน
8,ศาลเจ้าพ่อเทพารักษ์หลักเมือง,สถานที่อันศักดิ์สิทธิ์และเป็นที่เคารพสักการะของชาวขอนแก่นแห่งนี้ประดิษฐานอยู่ที่ศาลาสุขใจ ถนนเทพารักษ์หน้าเทศบาลขอนแก่น ท่านเจ้าคุณปู่พระราชสารธรรมมุนี และหลวงธุรนัยพินิจ อดีตผู้ว่าราชการจังหวัดขอนแก่นได้ริเริ่มสร้างขึ้นโดยนำหลักศิลาจารึกจากโบราณสถานในท้องที่อำเภอชุมแพมาประกอบพิธีทางพุทธศาสนา และตั้งเป็นศาลหลักเมืองเมื่อวันที่ 20 สิงหาคม พ.ศ. 2499,ประวัติศาสตร์,ขอนแก่น,เมืองขอนแก่น,ในเมือง,ถนนศรีจันทร์,40000,0,0,กลุ่มครอบครัว/กลุ่มวัยทำงาน/กลุ่มนักเรียนนักศึกษา/เยาวชน/วัยรุ่น/กลุ่มคู่รัก / คู่แต่งงาน/ทุกช่วงวัย,รถยนต์/มอเตอร์ไซค์/,ลานจอดรถ/ลานจอดรถ/สุขา/ร้านอาหาร/ศูนย์บริการนักท่องเที่ยว/ร้านขายสินค้าที่ระลึก/มัคคุเทศก์ท้องถิ่น/ป้ายสื่อความหมาย/ป้ายชี้ทางเข้าถึง/ที่พักสัตว์เลี้ยง(สุนัข)/ที่พักสัตว์เลี้ยง(แมว)/ที่พักสัตว์เลี้ยง(อื่นๆ)/,0 4322 7523,ไม่ทราบ,ไม่ทราบ,เปิดบริการทุกวัน
9,กู่ประภาชัย,กู่จะอยู่ภายในวัดกู่บ้านนาคำน้อย หรือจะขับรถข้ามสะพานข้ามคลองส่งน้ำ ตรงไปตามถนนลาดยางประมาณ 6 กิโลเมตร ก็จะมีป้ายบอกทางให้เลี้ยวซ้ายผ่านหมู่บ้านไปประมาณ 1 กิโลเมตร ก็จะถึงกู่ประภาชัย กู่ประภาชัย คือกลุ่มโบราณสถานที่มีลักษณะแผนผังอย่างเดียวกันกับโบราณสถานที่พบหลักฐานแสดงอโรคยาศาลหรือสถานพยาบาลที่พระเจ้าชัยวรมันที่ 7 แห่งอาณาจักรเขมรโบราณโปรดฯให้สร้างขึ้นในพุทธศตวรรษที่ 18 (พ.ศ. 1720 1780) คือประกอบด้วยปรางค์ประธานรูปสี่เหลี่ยมจตุรัส มีมุขยื่นทางด้านหน้า ด้านขวามือเยื้องไปข้างหน้าเป็นอาคารรูปสี่เหลี่ยมที่เรียกว่า บรรณาลัย อาคารทั้งสองล้อมรอบด้วยกำแพงแก้วโดยมีโคปุระหรือซุ้มประตูทางเข้าออกด้านหน้าหรือทางด้านทิศตะวันออกเพียงด้านเดียว นอกกำแพงที่มุมซ้ายมีสระน้ำ 1 สระทั้งหมดสร้างด้วยศิลาแลง โดยมีเสาประดับประตู ทับหลังเป็นหินทราย ปัจจุบันหักพังแต่ได้รับการดูแลรักษาจากทางวัดเป็นอย่างดี ซึ่งได้ขึ้นทะเบียนเป็นโบราณสถานเมื่อวันที่ 8 มีนาคม พ.ศ.2478,ประวัติศาสตร์,ขอนแก่น,น้ำพอง,บัวใหญ่,หมู่ 1 บ้านนาคำน้อย,40140,0,0,กลุ่มครอบครัว/,รถยนต์/,ลานจอดรถ/ลานจอดรถ/สุขา/ร้านอาหาร/ศูนย์บริการนักท่องเที่ยว/ร้านขายสินค้าที่ระลึก/มัคคุเทศก์ท้องถิ่น/ป้ายสื่อความหมาย/ป้ายชี้ทางเข้าถึง/ที่พักสัตว์เลี้ยง(สุนัข)/ที่พักสัตว์เลี้ยง(แมว)/ที่พักสัตว์เลี้ยง(อื่นๆ)/,"08 3362 9844, 08 1546 7797",ไม่ทราบ,ไม่ทราบ,เปิดทุกวัน
10,ถนนฅนเดิน ขอนแก่น,ถนนคนเดินขอนแก่น เปิดทุกวันเสาร์ ซึ่งเค้าจะปิดถนนยาวเลยตั้งแต่หน้าสำนักงานอุตสาหกรรมจังหวัดขอนแก่นไปจนถึงหน้าสำนักงานที่ดินจังหวัดขอนแก่น ถนนคนเดินที่นี่เดินกันเมื่อยเลยทีเดียว ภายในตลาดมีทั้งอาหาร เครื่องดื่ม เสื้อผ้า ของใช้ ของตกแต่ง งานศิลปะ สินค้าแฮนด์เมด ผ้าทอ และอีกมากมาย รวมทั้งจัดโตีะนั่งทานอาหารไว้ให้ด้วย สามารถเดินไปซื้ออาหารแล้วมานั่งทานได้ มีโต๊ะนั่งอยู่มากพอสมควร,อาหาร ช้อปปิ้ง,ขอนแก่น,เมืองขอนแก่น,ในเมือง,ซอย หน้าศูนย์ราชกาล,40000,0,0,กลุ่มครอบครัว/กลุ่มวัยทำงาน/กลุ่มนักเรียนนักศึกษา/เยาวชน/วัยรุ่น/กลุ่มคู่รัก / คู่แต่งงาน/ทุกช่วงวัย,รถยนต์/รถโดยสารประจำทาง/เดินเท้า/มอเตอร์ไซค์/จักรยาน/,ลานจอดรถ/ลานจอดรถ/สุขา/ร้านอาหาร/ศูนย์บริการนักท่องเที่ยว/ร้านขายสินค้าที่ระลึก/มัคคุเทศก์ท้องถิ่น/ป้ายสื่อความหมาย/ป้ายชี้ทางเข้าถึง/ที่พักสัตว์เลี้ยง(สุนัข)/ที่พักสัตว์เลี้ยง(แมว)/ที่พักสัตว์เลี้ยง(อื่นๆ)/,0 4332 1152,ไม่ทราบ,ไม่ทราบ,เปิดบริการทุกวันเสาร์ เวลา 17.00-22.30 น. (ปิดตลาดช่วงเทศกาลงานไหมและประเพณีผูกเสี่ยว)
11,ตลาดต้นตาล,"ตลาดต้นตาล เทรนการช็อปปิ้งแนวใหม่ที่ไม่ใช่เพียงที่ช็อปปิ้ง มีพื้นที่ส่วนกลางสำหรับ เวทีการแสดง แสง สี เสียง ครบครัน ในบรรยากาศสวนร่มรื่น และสินค้าที่นำมาขายจะถูกคัดสรรค์มาอย่างดี เพื่อตอบสนองความต้องการของนักช็อปฯตัวจริง เปิดทุกวันยามเย็น 16:00 23:00น. ที่จอดรถยนต์และมอร์เตอร์ไซด์รวมกันกว่า 1,500คัน เข้า ออกสะดวกทั้งทางถนนมิตรภาพและถนนบ้านก่อกซอย 8, 10 หรือ 12 ดูน้อยลง",อาหาร ช้อปปิ้ง,ขอนแก่น,เมืองขอนแก่น,ในเมือง,381/58 หมู่ 17 ถนนมิตรภาพ,40000,0,0,กลุ่มครอบครัว/กลุ่มวัยทำงาน/กลุ่มนักเรียนนักศึกษา/เยาวชน/วัยรุ่น/กลุ่มคู่รัก / คู่แต่งงาน/ทุกช่วงวัย,รถยนต์/เดินเท้า/มอเตอร์ไซค์/,ลานจอดรถ/ลานจอดรถ/สุขา/ร้านอาหาร/ศูนย์บริการนักท่องเที่ยว/ร้านขายสินค้าที่ระลึก/มัคคุเทศก์ท้องถิ่น/ป้ายสื่อความหมาย/ป้ายชี้ทางเข้าถึง/ที่พักสัตว์เลี้ยง(สุนัข)/ที่พักสัตว์เลี้ยง(แมว)/ที่พักสัตว์เลี้ยง(อื่นๆ)/,"0 4300 0179, 08 3284 5351",tontannmarket@gmail.com,www.tontannmarket.com,เปิดบริการทุกวัน เวลา 16.00-23.00 น. (โซนลานเบียร์ปิด 24.00 น.)
12,ออร่าฟาร์ม,ออร่า ฟาร์ม” ที่เที่ยวแห่งใหม่ในอำเภอเขาสวนกวาง จังหวัดขอนแก่น ด้วยความสวยงามของบรรยากาศ และกิจกรรมการท่องเที่ยวที่หลากหลาย ทั้งแนวถ่ายภาพสวยและแนวฟาร์มเกษตร ภายในของออร่าฟาร์มแบ่งออกเป็น 2 ส่วน ส่วนแรกเป็นท่องเที่ยว มีทั้งหมด 4 โซนด้วยกัน ได้แก่ โซนออร่า การ์เดน โซนสวนเทพนิยาย โซนสถานี ออร่า ฟาร์ม และโซนหมู่บ้านออร่า ฟาร์ม ส่วนที่ 2 คือ ศูนย์การเรียนรู้ ใครที่ต้องการกำลังมองหาแหล่งการเรียนรู้ด้านเกษตรกรแล้วละก็ ส่วนนี้คงเหมาะสำหรับคุณ เพราะมีการเรียนรู้ทั้งหลักสูตรพื้นฐาน โดยจะแบ่งเป็นฐานการเรียนรู้ต่างๆ เช่น ฐานการแปรรูปนม เรียนรู้การทำชีส ไอศกรีม ฐานการเกษตร เรียนรู้การปลูกผักออร์แกนิค ฐานปศุสัตว์โคนม เรียนรู้การรีดนมวัว และหลักสูตรเฉพาะ ได้แก่ เกษตรอินทรีย์ การผลิตไอศกรีม และการเลี้ยงโคนม ภาคปฏิบัติ โดยการเข้าชมในส่วนนี้เราจะได้นั่งรถฟาร์มทัวร์ไปพร้อมกับฟังคำบรรยายจากไกด์ไปด้วย,บันเทิง,ขอนแก่น,เขาสวนกวาง,คำม่วง,108 หมู่ 1 ถนนมิตรภาพ,40280,30,50,กลุ่มครอบครัว/กลุ่มวัยทำงาน/กลุ่มนักเรียนนักศึกษา/เยาวชน/วัยรุ่น/,รถยนต์/รถไฟ/รถโดยสารประจำทาง/เดินเท้า/มอเตอร์ไซค์/จักรยาน/,,08 7716 9669,aurafarm187@gmail.com,www.aura-farm.com www.facebook.com/Aurafarm187/,ทุกวัน 09.00 -17.30 น.
13,ไดโนวอเตอร์พาร์ค,สวนสนุก/สวนน้ำ,บันเทิง,ขอนแก่น,เมืองขอนแก่น,โคกสี,456 หมู่ 12 ถนนมิตรภาพ,40000,300,400,กลุ่มครอบครัว/กลุ่มวัยทำงาน/กลุ่มนักเรียนนักศึกษา/เยาวชน/วัยรุ่น/กลุ่มคู่รัก / คู่แต่งงาน/ทุกช่วงวัย,รถยนต์/รถไฟ/รถโดยสารประจำทาง/มอเตอร์ไซค์/จักรยาน/,ลานจอดรถ/สุขา/ร้านอาหาร/,"085 002 6565,",Khonkaendino265@gmail.com,www.dinowaterpark.com,เปิดบริการทุกวัน เวลา 10.00-18.00 น.
14,สวนสัตว์ขอนแก่น,"สวนสัตว์ขอนแก่นเดิม ชื่อว่า อุทยานสัตว์ป่าอีสานตอนบนขอนแก่น–อุดรธานี"""" และใช้ชื่อนั้นเรื่อยมา จนกระทั่งเมื่อวันที่ 26 มิถุนายน 2556 กรรมการองค์การสวนสัตว์ ได้มีมติให้เปลี่ยนชื่อมาเป็น """"สวนสัตว์ขอนแก่น"""" พร้อมทั้งให้สวนสัตว์ขอนแก่นเปิดบริการเก็บค่าบัตรผ่านประตูสวนสัตว์ขอนแก่นบริหารจัดการพื้นที่ภายใน แบ่งออกเป็น 2 ส่วน คือ ส่วนการศึกษา จัดให้เป็นแหล่งเรียนรู้และศึกษาทางด้านการอนุรักษ์พันธุ์สัตว์ป่าหายาก เป็นศูนย์วิจัยเพาะเลี้ยง และเป็นการท่องเที่ยวแบบอัธยาศัย รวมทั้งกิจกรรมการเดินป่าศึกษาธรรมชาติ กิจกรรมโครงการนักเรียนเข้าเรียนรู้ในสวนสัตว์ โครงการแค้มป์ปิ้ง โครงการกิจกรรมค่ายลูกเสือและยุวกาชาด รวมถึงศูนย์ประชุมสัมมนา ส่วนจัดแสดงสัตว์ Zoo Zone จัดเป็นแบบลักษณะสวนสัตว์ปิด ไม่สามารถนำรถยนต์เข้าไปเที่ยวชมได้ ซึ่งทางสวนสัตว์ได้จัดเตรียมพาหนะไว้บริการ คือ รถออโต้แทรม รถจักยานบริการ รถกอล์ฟบริการ และการเดินชมสัตว์ตามเส้นทาง",บันเทิง,ขอนแก่น,เขาสวนกวาง,คำม่วง,88 หมู่ 8,40280,20,100,กลุ่มครอบครัว/กลุ่มผู้สนใจด้านการอนุรักษ์ธรรมชาติ/,รถยนต์/เดินเท้า/มอเตอร์ไซค์/จักรยาน/,,"08 6455 6340-1, 0 4330 6424, 08 6459 4192",khonkaenzoo@gmail.com,www.khonkaenzoo.com,ทุกวัน 08.30-16.30 น.
15,หมู่บ้านงูจงอางแห่งประเทศไทย บ้านโคกสง่า,,บันเทิง,ขอนแก่น,น้ำพอง,ทรายมูล,114 หมู่ 6 บ้านโคกสง่า,40140,20,40,กลุ่มครอบครัว/,รถยนต์/รถโดยสารประจำทาง/เดินเท้า/มอเตอร์ไซค์/จักรยาน/,,08 8334 9618,ไม่ทราบ,ไม่ทราบ,ทุกวัน 09.00-17.00 น.
16,วัดไชยศรี,สร้างขึ้นเมื่อปี พ.ศ.2408 สิ่งที่น่าสนใจคือภาพจิตรกรรมฝาผนังที่ดูสวยงามแปลกตาฝีมือนายทอง ทิพย์ชา ช่างพื้นบ้านชาวมหาสารคาม ภาพจิตรกรรมที่วัดนี้จะเขียนทั้งภายในและภายนอกสิม(โบสถ์) สิ่งที่สะดุดตาอันดับแรกคือการใช้สี ช่างจะเขียนด้วยสีฝุ่นโทนสีคราม เหลือง ขาว มองสบายตา ลักษณะการเขียนภาพเน้นสัดส่วนที่เกินจริง อารมณ์ของภาพดูสนุกสนาน ตัวละครจะออกท่าทางโลดโผน เรื่องราวที่เขียนบนฝาผนังด้านนอกเป็นรูปนรกแปดขุม ภาพพระเวสสันดร นิทานพื้นบ้านเรื่องสังข์สินไชย ภาพทวารบาล ส่วนด้านในจะเล่าเรื่องพุทธประวัติ มีภาพเทพ มนุษย์และสัตว์ต่างๆ แต่ปรกติวัดในต่างจังหวัดยังคงเคร่งตามประเพณีเดิม คือผู้หญิงไม่สามารถเข้าไปภายในโบสถ์ได้ ซึ่งวัดไชยศรีก็เป็นวัดหนึ่งที่ยังรักษาธรรมเนียมนี้อยู่ลักษณะทางสถาปัตยกรรมของสิมโบราณ เดิมเป็นหลังคาแบบอีสานคือมีปีกยื่น ต่อมาหลังคาชำรุดชาวบ้านจึงร่วมกันปฏิสังขรณ์ใหม่เป็นแบบรัตนโกสินทร์ซึ่งไม่สามารถกันแดดกันฝนได้ทั่วถึงจึงทำให้ภาพจิตรกรรมที่ผนังด้านนอกเลือนไปบ้างแต่อย่างไรก็ดีกรมศิลปากรก็ได้เข้ามาต่อเติมปีกด้านข้างของโบสถ์แล้ว นอกจากนั้นยังยกพื้นขึ้นเพื่อป้องกันน้ำกัดเซาะฐานด้วย,ศาสนา,ขอนแก่น,เมืองขอนแก่น,ในเมือง,หมู่ 8 บ้านสาวะถี,40000,0,0,กลุ่มครอบครัว/กลุ่มวัยทำงาน/กลุ่มนักเรียนนักศึกษา/เยาวชน/วัยรุ่น/กลุ่มคู่รัก / คู่แต่งงาน/ทุกช่วงวัย,รถยนต์/รถโดยสารประจำทาง/เดินเท้า/มอเตอร์ไซค์/จักรยาน/,ลานจอดรถ/ลานจอดรถ/สุขา/ร้านอาหาร/ศูนย์บริการนักท่องเที่ยว/ร้านขายสินค้าที่ระลึก/มัคคุเทศก์ท้องถิ่น/ป้ายสื่อความหมาย/ป้ายชี้ทางเข้าถึง/ที่พักสัตว์เลี้ยง(สุนัข)/ที่พักสัตว์เลี้ยง(แมว)/ที่พักสัตว์เลี้ยง(อื่นๆ)/,08 9276 4202,wchaisri139@gmail.com,m.facebook.com/260639874026537,เปิดบริการทุกวัน เวลา 08.30 -18.00 น.
17,วัดป่าธรรมอุทยาน,วัดป่าธรรมอุทยาน จ.ขอนแก่น หรือวัดหลวงพ่อกล้วย มีสถานที่ตั้งอยู่ที่ป่าช้าของหมู่บ้านสำราญและบ้านเพี้ยฟาน ต.สำราญ อ.เมือง จ.ขอนแก่น ทางวัดเน้นการปฏิบัติธรรมการเจริญสติ ดูจิต โดยมีพระอาจารย์สำราญ ธมฺมธุโร หรือหลวงพ่อกล้วย เป็นผู้ก่อตั้งและเป็นพระวิปัสสนาจารย์ วัดป่าธรรมอุทยานเป็นสถานปฏิบัติธรรมซึ่งมีพื้นที่กว่า 70 ไร่ รายล้อมด้วยต้นไม้ขนาดใหญ่ บรรยากาศในวัดร่มรื่น สงบเงียบ ร่มเย็น มีต้นไม้ขึ้นเป็นกอใหญ่หลาย ๆ กอ ทำให้ร่มรื่น สัปปายะ เหมาะแก่การปฏิบัติธรรม เจริญจิตภาวนา เป็นอย่างไร สะดวกในการเข้าพักปฏิบัติธรรม มีศาลาการเปรียญ หอฉัน ลานสำหรับปฏิบัติธรรม และที่พักสำหรับผู้มาถือศีลกระจายอยู่ทั่ว บริเวณภายในวัด นอกจากจะมีธรรมชาติร่มรื่นแล้ว ยังมีพระพุทธรูปและสิ่งมงคลต่าง ๆ ให้กราบไหว้ อาทิ พระพุทธรูปใหญ่ปางลีลา (พระพุทธลีลาวิลาส) ซึ่งสูงประมาณตึก 4 ชั้น เป็น Landmark ของวัด วิหารพระพุทธรูปหยกพระพุทธรูปปางนาคปรก พระพุทธรูปปางประสูติ เจ้าแม่กวนอิม หินอ่อน พระบรมสารีริกธาตุประดิษฐ์ฐานภายในวัดป่าอุทยาน และอื่น ๆ อีกมาก,ศาสนา,ขอนแก่น,เมืองขอนแก่น,สำราญ,บ้านสำราญ บ้านเพี้ยฟาน ถนนมิตรภาพ,40000,0,0,กลุ่มครอบครัว/กลุ่มวัยทำงาน/กลุ่มนักเรียนนักศึกษา/เยาวชน/วัยรุ่น/กลุ่มคู่รัก / คู่แต่งงาน/ทุกช่วงวัย,รถยนต์/เดินเท้า/มอเตอร์ไซค์/จักรยาน/,ลานจอดรถ/ลานจอดรถ/สุขา/ร้านอาหาร/ศูนย์บริการนักท่องเที่ยว/ร้านขายสินค้าที่ระลึก/มัคคุเทศก์ท้องถิ่น/ป้ายสื่อความหมาย/ป้ายชี้ทางเข้าถึง/ที่พักสัตว์เลี้ยง(สุนัข)/ที่พักสัตว์เลี้ยง(แมว)/ที่พักสัตว์เลี้ยง(อื่นๆ)/,086-858-8968,dhammauttayarn@gmail.com,https://www.facebook.com/WatPaDhammaUtthayan/,เปิดบริการทุกวัน
18,วัดทุ่งเศรษฐี,วัด ได้ถูกสร้างโดยความริเริ่มของหลวงตาอ๋อยหรือที่รู้จักกันในนาม “หลวงตาย่ามแดง” ท่านได้ชักชวนลูกหลานศิษยานุศิษย์ร่วมกันสร้างมหารัตนเจดีย์ฯแห่งนี้บนที่ดินแปลงหนึ่งของท่าน ความโดดเด่นของมหาเจดีย์ ที่รูปแบบการก่อสร้างที่สะท้อนถึงความเชื่อต่างๆ เป็นการผสมผสานกันอย่างลงตัวระหว่างองค์เจดีย์สำคัญทั้งสามโลก คือ เจดีย์จุฬามณีบนสวรรค์ชั้นดาวดึงส์ นครเจดีย์ในนาคพิภพ และมหารัตนเจดีย์ศรีไตรโลกธาตุบนโลกมนุษย์,ศาสนา,ขอนแก่น,เมืองขอนแก่น,พระลับ,หมู่ 12 บ้านหนองไฮ,40000,0,0,กลุ่มครอบครัว/กลุ่มวัยทำงาน/กลุ่มนักเรียนนักศึกษา/เยาวชน/วัยรุ่น/กลุ่มคู่รัก / คู่แต่งงาน/ทุกช่วงวัย,รถโดยสารประจำทาง/เดินเท้า/มอเตอร์ไซค์/จักรยาน/,ไม่ทราบ,08 5012 3340,ไม่ทราบ,ไม่ทราบ,เปิดบริการทุกวัน เวลา 08.00-17.00 น.
19,วัดหนองแวง พระอารามหลวง,ภายในวัดหนองแวงซึ่งเป็นพระอารามหลวง มีพระมหาธาตุแก่นนคร หรือ พระธาตุเก้าชั้น ฐานสี่เหลี่ยมกว้างด้านละ 50 เมตร เรือนยอดทรงเจดีย์จำลองแบบจากพระธาตุขามแก่น จัดสร้างขึ้นเนื่องในวโรกาสที่พระบาทสมเด็จพระเจ้าอยู่หัวทรงครองสิริราชสมบัติครบ 50 ปี และมหามังคลานุสรณ์ 200 ปี เมืองขอนแก่น ความสูงขององค์พระธาตุฯ 80 เมตร มีพระจุลธาตุ 4 องค์ ตั้งอยู่ 4 มุมและมีกำแพงแก้วพญานาค 7 เศียรล้อมรอบ เป็นศิลปะสมัยทวาราวดี ผสมผสานศิลปะอินโดจีน ซึ่งเป็นลักษณะแบบชาวอีสานตากแห ภายในองค์พระธาตุมีอยู่ 9 ชั้น คือ ชั้นที่ 1 เป็นหอประชุมมีพระบรมสารีริกธาตุ ประดิษฐานอยู่บนบุษบกตรงกลางและพระประธาน 3 องค์อยู่ตรงกลาง บานประตู หน้าต่าง แกะสลักภาพนิทานเรื่องจำปาสี่ต้น โดยเฉพาะบานประตูแกะสลักภาพ 3 มิติและมีจิตรกรรมฝาผนังเกี่ยวกับประวัติศาสตร์เมืองขอนแก่น ชั้นที่ 2 เป็นหอพัก บานประตูหน้าต่างเขียนลวดลายเบญจรงค์และภาพแกะสลักนิทานเรื่องสังศิลป์ชัย ตามผนังด้านบนมีภาพเขียนเป็นเรื่องราวเกี่ยวกับคะลำ หรือข้อห้ามต่าง ๆ ของชาวอีสาน ชั้นที่ 3 เป็นหอปริยัติ บานประตูหน้าต่างเขียนลวดลายเบญจรงค์และภาพแกะสลักนิทานเรื่องนางผมหอม ชั้นที่ 4 เป็นหอปริยัติธรรม ภายในมีพิพิธภัณฑ์ของเก่าบานประตูหน้าต่างภาพพระประจำวันเกิด เทพประจำทิศและตัวพึ่ง ตัวเสวย ชั้นที่ 5 เป็นหอพิพิธภัณฑ์ มีบริขารของหลวงปู่พระครูปลัดบุษบา สุมโน อดีตเจ้าอาวาสวัดรูปที่ 6 บานประตูหน้าต่างแกะสลักภาพพุทธชาดก ชั้นที่ 6 เป็นหอพระอุปัชฌายาจารย์ บานประตูหน้าต่างแกะสลักนิทานชาดกเรื่องเวสสันดร ชั้นที่ 7 เป็นหอพระอรหันตสาวก บานประตูหน้าต่างแกะสลักนิทานเรื่องพระเตย์มีใบ้ ชั้นที่ 8 เป็นหอพระธรรม เป็นที่รวบรวมพระธรรม คัมภีร์สำคัญทางพระพุทธศาสนามีพระไตรปิฏก ฯลฯ บานประตูแกะสลักรูปพรหม 16 ชั้น ชั้นที่ 9 เป็นหอพระพุทธ ตรงกลางมีบุษบก เป็นที่บรรจุพระบรมสารีริกธาตุของพระพุทธเจ้า บานประตูแกะสลักภาพ 3 มิติ รูปพรหม 16 ชั้น และสามารถชมทัศนียภาพของตัวเมืองขอนแก่นได้ทั้ง 4 ด้าน โดยเฉพาะทางด้านทิศตะวันออกสามารถมองเห็นบึงแก่นนครได้สวยงามมาก ทางวัดได้จัดให้มีมัคคุเทศน์น้อยนำชม อธิบายภาพเขียนต่าง ๆ รวมทั้งสิ่งของที่จัดแสดงไว้ เพื่อความเข้าใจในเรื่องราวต่าง ๆ ได้ดียิ่งขึ้น,ศาสนา,ขอนแก่น,เมืองขอนแก่น,ในเมือง,593 ถนน,40000,0,0,กลุ่มครอบครัว/กลุ่มวัยทำงาน/กลุ่มนักเรียนนักศึกษา/เยาวชน/วัยรุ่น/กลุ่มคู่รัก / คู่แต่งงาน/ทุกช่วงวัย,รถยนต์/รถโดยสารประจำทาง/เดินเท้า/มอเตอร์ไซค์/จักรยาน/,ลานจอดรถ/ลานจอดรถ/สุขา/ร้านอาหาร/ศูนย์บริการนักท่องเที่ยว/ร้านขายสินค้าที่ระลึก/มัคคุเทศก์ท้องถิ่น/ป้ายสื่อความหมาย/ป้ายชี้ทางเข้าถึง/ที่พักสัตว์เลี้ยง(สุนัข)/ที่พักสัตว์เลี้ยง(แมว)/ที่พักสัตว์เลี้ยง(อื่นๆ)/,08 4028 6034,Watnongwang9@gmail.com,https://www.facebook.com/profile.php?id=61554299169848,เปิดบริการทุกวัน เวลา 07.00-18.00 น.
